matchup,score,away,home,away_score,home_score,home_win
Orlando Magic at Indiana Pacers,87 - 97,Orlando Magic,Indiana Pacers,87,97,1
Chicago Bulls at Miami Heat,95 - 107,Chicago Bulls,Miami Heat,95,107,1
Los Angeles Clippers at Los Angeles Lakers,103 - 116,Los Angeles Clippers,Los Angeles Lakers,103,116,1
Atlanta Hawks at Dallas Mavericks,109 - 118,Atlanta Hawks,Dallas Mavericks,109,118,1
Memphis Grizzlies at San Antonio Spurs,94 - 101,Memphis Grizzlies,San Antonio Spurs,94,101,1
Oklahoma City Thunder at Utah Jazz,101 - 98,Oklahoma City Thunder,Utah Jazz,101,98,0
Portland Trail Blazers at Phoenix Suns,91 - 104,Portland Trail Blazers,Phoenix Suns,91,104,1
Denver Nuggets at Sacramento Kings,88 - 90,Denver Nuggets,Sacramento Kings,88,90,1
Los Angeles Lakers at Golden State Warriors,94 - 125,Los Angeles Lakers,Golden State Warriors,94,125,1
Indiana Pacers at New Orleans Pelicans,95 - 90,Indiana Pacers,New Orleans Pelicans,95,90,0
Orlando Magic at Minnesota Timberwolves,115 - 120,Orlando Magic,Minnesota Timberwolves,115,120,1
Charlotte Bobcats at Houston Rockets,83 - 96,Charlotte Bobcats,Houston Rockets,83,96,1
Milwaukee Bucks at New York Knicks,83 - 90,Milwaukee Bucks,New York Knicks,83,90,1
Washington Wizards at Detroit Pistons,102 - 113,Washington Wizards,Detroit Pistons,102,113,1
Boston Celtics at Toronto Raptors,87 - 93,Boston Celtics,Toronto Raptors,87,93,1
Miami Heat at Philadelphia 76ers,110 - 114,Miami Heat,Philadelphia 76ers,110,114,1
Brooklyn Nets at Cleveland Cavaliers,94 - 98,Brooklyn Nets,Cleveland Cavaliers,94,98,1
New York Knicks at Chicago Bulls,81 - 82,New York Knicks,Chicago Bulls,81,82,1
Golden State Warriors at Los Angeles Clippers,115 - 126,Golden State Warriors,Los Angeles Clippers,115,126,1
Cleveland Cavaliers at Charlotte Bobcats,84 - 90,Cleveland Cavaliers,Charlotte Bobcats,84,90,1
San Antonio Spurs at Los Angeles Lakers,91 - 85,San Antonio Spurs,Los Angeles Lakers,91,85,0
Los Angeles Clippers at Sacramento Kings,110 - 101,Los Angeles Clippers,Sacramento Kings,110,101,0
Utah Jazz at Phoenix Suns,84 - 87,Utah Jazz,Phoenix Suns,84,87,1
Portland Trail Blazers at Denver Nuggets,113 - 98,Portland Trail Blazers,Denver Nuggets,113,98,0
Miami Heat at Brooklyn Nets,100 - 101,Miami Heat,Brooklyn Nets,100,101,1
Oklahoma City Thunder at Minnesota Timberwolves,81 - 100,Oklahoma City Thunder,Minnesota Timberwolves,81,100,1
Detroit Pistons at Memphis Grizzlies,108 - 111,Detroit Pistons,Memphis Grizzlies,108,111,1
New Orleans Pelicans at Orlando Magic,90 - 110,New Orleans Pelicans,Orlando Magic,90,110,1
Philadelphia 76ers at Washington Wizards,109 - 102,Philadelphia 76ers,Washington Wizards,109,102,0
Toronto Raptors at Atlanta Hawks,95 - 102,Toronto Raptors,Atlanta Hawks,95,102,1
Milwaukee Bucks at Boston Celtics,105 - 98,Milwaukee Bucks,Boston Celtics,105,98,0
Dallas Mavericks at Houston Rockets,105 - 113,Dallas Mavericks,Houston Rockets,105,113,1
Sacramento Kings at Golden State Warriors,87 - 98,Sacramento Kings,Golden State Warriors,87,98,1
San Antonio Spurs at Portland Trail Blazers,105 - 115,San Antonio Spurs,Portland Trail Blazers,105,115,1
Houston Rockets at Utah Jazz,104 - 93,Houston Rockets,Utah Jazz,104,93,0
Toronto Raptors at Milwaukee Bucks,97 - 90,Toronto Raptors,Milwaukee Bucks,97,90,0
Memphis Grizzlies at Dallas Mavericks,99 - 111,Memphis Grizzlies,Dallas Mavericks,99,111,1
Charlotte Bobcats at New Orleans Pelicans,84 - 105,Charlotte Bobcats,New Orleans Pelicans,84,105,1
Chicago Bulls at Philadelphia 76ers,104 - 107,Chicago Bulls,Philadelphia 76ers,104,107,1
Cleveland Cavaliers at Indiana Pacers,74 - 89,Cleveland Cavaliers,Indiana Pacers,74,89,1
Atlanta Hawks at Los Angeles Lakers,103 - 105,Atlanta Hawks,Los Angeles Lakers,103,105,1
Minnesota Timberwolves at New York Knicks,109 - 100,Minnesota Timberwolves,New York Knicks,109,100,0
Phoenix Suns at Oklahoma City Thunder,96 - 103,Phoenix Suns,Oklahoma City Thunder,96,103,1
Brooklyn Nets at Orlando Magic,86 - 107,Brooklyn Nets,Orlando Magic,86,107,1
Washington Wizards at Miami Heat,93 - 103,Washington Wizards,Miami Heat,93,103,1
Boston Celtics at Detroit Pistons,77 - 87,Boston Celtics,Detroit Pistons,77,87,1
Houston Rockets at Los Angeles Clippers,118 - 137,Houston Rockets,Los Angeles Clippers,118,137,1
Boston Celtics at Memphis Grizzlies,88 - 95,Boston Celtics,Memphis Grizzlies,88,95,1
Golden State Warriors at Philadelphia 76ers,110 - 90,Golden State Warriors,Philadelphia 76ers,110,90,0
Minnesota Timberwolves at Cleveland Cavaliers,92 - 93,Minnesota Timberwolves,Cleveland Cavaliers,92,93,1
Atlanta Hawks at Sacramento Kings,105 - 100,Atlanta Hawks,Sacramento Kings,105,100,0
Houston Rockets at Portland Trail Blazers,116 - 101,Houston Rockets,Portland Trail Blazers,116,101,0
San Antonio Spurs at Denver Nuggets,102 - 94,San Antonio Spurs,Denver Nuggets,102,94,0
Los Angeles Lakers at Dallas Mavericks,104 - 123,Los Angeles Lakers,Dallas Mavericks,104,123,1
Phoenix Suns at New Orleans Pelicans,104 - 98,Phoenix Suns,New Orleans Pelicans,104,98,0
Charlotte Bobcats at New York Knicks,102 - 97,Charlotte Bobcats,New York Knicks,102,97,0
Indiana Pacers at Detroit Pistons,99 - 91,Indiana Pacers,Detroit Pistons,99,91,0
Utah Jazz at Brooklyn Nets,88 - 104,Utah Jazz,Brooklyn Nets,88,104,1
Miami Heat at Toronto Raptors,104 - 95,Miami Heat,Toronto Raptors,104,95,0
Dallas Mavericks at Oklahoma City Thunder,93 - 107,Dallas Mavericks,Oklahoma City Thunder,93,107,1
Phoenix Suns at San Antonio Spurs,96 - 99,Phoenix Suns,San Antonio Spurs,96,99,1
Golden State Warriors at Minnesota Timberwolves,106 - 93,Golden State Warriors,Minnesota Timberwolves,106,93,0
Cleveland Cavaliers at Milwaukee Bucks,104 - 109,Cleveland Cavaliers,Milwaukee Bucks,104,109,1
New Orleans Pelicans at Memphis Grizzlies,99 - 84,New Orleans Pelicans,Memphis Grizzlies,99,84,0
Utah Jazz at Boston Celtics,87 - 97,Utah Jazz,Boston Celtics,87,97,1
Washington Wizards at Philadelphia 76ers,116 - 102,Washington Wizards,Philadelphia 76ers,116,102,0
Los Angeles Clippers at Orlando Magic,90 - 98,Los Angeles Clippers,Orlando Magic,90,98,1
Chicago Bulls at Indiana Pacers,80 - 97,Chicago Bulls,Indiana Pacers,80,97,1
Toronto Raptors at Charlotte Bobcats,90 - 92,Toronto Raptors,Charlotte Bobcats,90,92,1
Los Angeles Lakers at Houston Rockets,99 - 98,Los Angeles Lakers,Houston Rockets,99,98,0
Atlanta Hawks at Denver Nuggets,107 - 109,Atlanta Hawks,Denver Nuggets,107,109,1
Los Angeles Clippers at Miami Heat,97 - 102,Los Angeles Clippers,Miami Heat,97,102,1
Sacramento Kings at Portland Trail Blazers,91 - 104,Sacramento Kings,Portland Trail Blazers,91,104,1
Denver Nuggets at Phoenix Suns,103 - 114,Denver Nuggets,Phoenix Suns,103,114,1
Golden State Warriors at San Antonio Spurs,74 - 76,Golden State Warriors,San Antonio Spurs,74,76,1
Los Angeles Lakers at New Orleans Pelicans,85 - 96,Los Angeles Lakers,New Orleans Pelicans,85,96,1
Dallas Mavericks at Minnesota Timberwolves,108 - 116,Dallas Mavericks,Minnesota Timberwolves,108,116,1
Utah Jazz at Chicago Bulls,73 - 97,Utah Jazz,Chicago Bulls,73,97,1
Oklahoma City Thunder at Detroit Pistons,119 - 110,Oklahoma City Thunder,Detroit Pistons,119,110,0
New York Knicks at Charlotte Bobcats,101 - 91,New York Knicks,Charlotte Bobcats,101,91,0
Toronto Raptors at Indiana Pacers,84 - 91,Toronto Raptors,Indiana Pacers,84,91,1
Boston Celtics at Orlando Magic,91 - 89,Boston Celtics,Orlando Magic,91,89,0
Cleveland Cavaliers at Philadelphia 76ers,79 - 94,Cleveland Cavaliers,Philadelphia 76ers,79,94,1
Brooklyn Nets at Washington Wizards,108 - 112,Brooklyn Nets,Washington Wizards,108,112,1
Portland Trail Blazers at Sacramento Kings,96 - 85,Portland Trail Blazers,Sacramento Kings,96,85,0
Dallas Mavericks at Milwaukee Bucks,91 - 83,Dallas Mavericks,Milwaukee Bucks,91,83,0
Golden State Warriors at Memphis Grizzlies,90 - 108,Golden State Warriors,Memphis Grizzlies,90,108,1
Los Angeles Clippers at Houston Rockets,107 - 94,Los Angeles Clippers,Houston Rockets,107,94,0
Boston Celtics at Miami Heat,111 - 110,Boston Celtics,Miami Heat,111,110,0
Philadelphia 76ers at Cleveland Cavaliers,125 - 127,Philadelphia 76ers,Cleveland Cavaliers,125,127,1
Indiana Pacers at Brooklyn Nets,96 - 91,Indiana Pacers,Brooklyn Nets,96,91,0
Orlando Magic at Atlanta Hawks,94 - 104,Orlando Magic,Atlanta Hawks,94,104,1
Utah Jazz at Toronto Raptors,91 - 115,Utah Jazz,Toronto Raptors,91,115,1
Minnesota Timberwolves at Los Angeles Lakers,113 - 90,Minnesota Timberwolves,Los Angeles Lakers,113,90,0
New Orleans Pelicans at Phoenix Suns,94 - 101,New Orleans Pelicans,Phoenix Suns,94,101,1
Washington Wizards at Oklahoma City Thunder,105 - 106,Washington Wizards,Oklahoma City Thunder,105,106,1
San Antonio Spurs at New York Knicks,120 - 89,San Antonio Spurs,New York Knicks,120,89,0
Minnesota Timberwolves at Los Angeles Clippers,107 - 109,Minnesota Timberwolves,Los Angeles Clippers,107,109,1
Detroit Pistons at Portland Trail Blazers,103 - 109,Detroit Pistons,Portland Trail Blazers,103,109,1
Denver Nuggets at Utah Jazz,100 - 81,Denver Nuggets,Utah Jazz,100,81,0
Toronto Raptors at Houston Rockets,104 - 110,Toronto Raptors,Houston Rockets,104,110,1
Cleveland Cavaliers at Chicago Bulls,81 - 96,Cleveland Cavaliers,Chicago Bulls,81,96,1
Orlando Magic at Boston Celtics,105 - 120,Orlando Magic,Boston Celtics,105,120,1
San Antonio Spurs at Philadelphia 76ers,109 - 85,San Antonio Spurs,Philadelphia 76ers,109,85,0
Memphis Grizzlies at Indiana Pacers,79 - 95,Memphis Grizzlies,Indiana Pacers,79,95,1
Atlanta Hawks at Charlotte Bobcats,103 - 94,Atlanta Hawks,Charlotte Bobcats,103,94,0
New Orleans Pelicans at Los Angeles Lakers,95 - 116,New Orleans Pelicans,Los Angeles Lakers,95,116,1
Detroit Pistons at Golden State Warriors,95 - 113,Detroit Pistons,Golden State Warriors,95,113,1
Washington Wizards at Dallas Mavericks,95 - 105,Washington Wizards,Dallas Mavericks,95,105,1
Milwaukee Bucks at Miami Heat,95 - 118,Milwaukee Bucks,Miami Heat,95,118,1
Oklahoma City Thunder at Los Angeles Clippers,103 - 111,Oklahoma City Thunder,Los Angeles Clippers,103,111,1
Brooklyn Nets at Sacramento Kings,86 - 107,Brooklyn Nets,Sacramento Kings,86,107,1
Phoenix Suns at Portland Trail Blazers,89 - 90,Phoenix Suns,Portland Trail Blazers,89,90,1
New Orleans Pelicans at Utah Jazz,105 - 111,New Orleans Pelicans,Utah Jazz,105,111,1
Los Angeles Lakers at Denver Nuggets,99 - 111,Los Angeles Lakers,Denver Nuggets,99,111,1
Washington Wizards at San Antonio Spurs,79 - 92,Washington Wizards,San Antonio Spurs,79,92,1
New York Knicks at Atlanta Hawks,95 - 91,New York Knicks,Atlanta Hawks,95,91,0
Cleveland Cavaliers at Minnesota Timberwolves,95 - 124,Cleveland Cavaliers,Minnesota Timberwolves,95,124,1
Toronto Raptors at Memphis Grizzlies,103 - 87,Toronto Raptors,Memphis Grizzlies,103,87,0
Charlotte Bobcats at Boston Celtics,89 - 83,Charlotte Bobcats,Boston Celtics,89,83,0
Houston Rockets at Philadelphia 76ers,117 - 123,Houston Rockets,Philadelphia 76ers,117,123,1
Milwaukee Bucks at Orlando Magic,91 - 94,Milwaukee Bucks,Orlando Magic,91,94,1
Oklahoma City Thunder at Golden State Warriors,115 - 116,Oklahoma City Thunder,Golden State Warriors,115,116,1
Houston Rockets at New York Knicks,109 - 106,Houston Rockets,New York Knicks,109,106,0
Detroit Pistons at Sacramento Kings,97 - 90,Detroit Pistons,Sacramento Kings,97,90,0
Memphis Grizzlies at Los Angeles Lakers,89 - 86,Memphis Grizzlies,Los Angeles Lakers,89,86,0
San Antonio Spurs at Utah Jazz,91 - 82,San Antonio Spurs,Utah Jazz,91,82,0
Brooklyn Nets at Phoenix Suns,100 - 98,Brooklyn Nets,Phoenix Suns,100,98,0
Minnesota Timberwolves at Denver Nuggets,113 - 117,Minnesota Timberwolves,Denver Nuggets,113,117,1
Dallas Mavericks at Miami Heat,104 - 110,Dallas Mavericks,Miami Heat,104,110,1
Charlotte Bobcats at Cleveland Cavaliers,86 - 80,Charlotte Bobcats,Cleveland Cavaliers,86,80,0
Portland Trail Blazers at Boston Celtics,109 - 96,Portland Trail Blazers,Boston Celtics,109,96,0
Philadelphia 76ers at Atlanta Hawks,103 - 113,Philadelphia 76ers,Atlanta Hawks,103,113,1
Chicago Bulls at Toronto Raptors,96 - 80,Chicago Bulls,Toronto Raptors,96,80,0
Milwaukee Bucks at Indiana Pacers,77 - 104,Milwaukee Bucks,Indiana Pacers,77,104,1
Philadelphia 76ers at New Orleans Pelicans,98 - 135,Philadelphia 76ers,New Orleans Pelicans,98,135,1
Oklahoma City Thunder at Milwaukee Bucks,92 - 79,Oklahoma City Thunder,Milwaukee Bucks,92,79,0
Utah Jazz at Golden State Warriors,88 - 102,Utah Jazz,Golden State Warriors,88,102,1
Brooklyn Nets at Los Angeles Clippers,103 - 110,Brooklyn Nets,Los Angeles Clippers,103,110,1
Boston Celtics at Minnesota Timberwolves,88 - 106,Boston Celtics,Minnesota Timberwolves,88,106,1
Denver Nuggets at Houston Rockets,111 - 122,Denver Nuggets,Houston Rockets,111,122,1
Indiana Pacers at Chicago Bulls,94 - 110,Indiana Pacers,Chicago Bulls,94,110,1
Atlanta Hawks at New York Knicks,110 - 90,Atlanta Hawks,New York Knicks,110,90,0
Cleveland Cavaliers at Washington Wizards,103 - 96,Cleveland Cavaliers,Washington Wizards,103,96,0
Dallas Mavericks at Orlando Magic,108 - 100,Dallas Mavericks,Orlando Magic,108,100,0
Miami Heat at Charlotte Bobcats,97 - 81,Miami Heat,Charlotte Bobcats,97,81,0
Detroit Pistons at Los Angeles Lakers,99 - 114,Detroit Pistons,Los Angeles Lakers,99,114,1
Memphis Grizzlies at Sacramento Kings,97 - 86,Memphis Grizzlies,Sacramento Kings,97,86,0
Portland Trail Blazers at Toronto Raptors,118 - 110,Portland Trail Blazers,Toronto Raptors,118,110,0
Portland Trail Blazers at Brooklyn Nets,108 - 98,Portland Trail Blazers,Brooklyn Nets,108,98,0
Charlotte Bobcats at Chicago Bulls,81 - 86,Charlotte Bobcats,Chicago Bulls,81,86,1
Denver Nuggets at Oklahoma City Thunder,113 - 115,Denver Nuggets,Oklahoma City Thunder,113,115,1
Philadelphia 76ers at Dallas Mavericks,94 - 97,Philadelphia 76ers,Dallas Mavericks,94,97,1
Golden State Warriors at Utah Jazz,98 - 87,Golden State Warriors,Utah Jazz,98,87,0
Memphis Grizzlies at Los Angeles Clippers,106 - 102,Memphis Grizzlies,Los Angeles Clippers,106,102,0
Phoenix Suns at Sacramento Kings,104 - 107,Phoenix Suns,Sacramento Kings,104,107,1
Boston Celtics at Houston Rockets,85 - 109,Boston Celtics,Houston Rockets,85,109,1
Atlanta Hawks at Miami Heat,88 - 104,Atlanta Hawks,Miami Heat,88,104,1
New York Knicks at Detroit Pistons,86 - 92,New York Knicks,Detroit Pistons,86,92,1
Minnesota Timberwolves at Washington Wizards,100 - 104,Minnesota Timberwolves,Washington Wizards,100,104,1
Memphis Grizzlies at Golden State Warriors,88 - 81,Memphis Grizzlies,Golden State Warriors,88,81,0
Houston Rockets at Dallas Mavericks,120 - 123,Houston Rockets,Dallas Mavericks,120,123,1
Sacramento Kings at Phoenix Suns,113 - 106,Sacramento Kings,Phoenix Suns,113,106,0
Boston Celtics at San Antonio Spurs,93 - 104,Boston Celtics,San Antonio Spurs,93,104,1
Utah Jazz at New Orleans Pelicans,98 - 105,Utah Jazz,New Orleans Pelicans,98,105,1
Los Angeles Clippers at Minnesota Timberwolves,102 - 98,Los Angeles Clippers,Minnesota Timberwolves,102,98,0
Portland Trail Blazers at Milwaukee Bucks,91 - 82,Portland Trail Blazers,Milwaukee Bucks,91,82,0
Detroit Pistons at Atlanta Hawks,85 - 93,Detroit Pistons,Atlanta Hawks,85,93,1
Toronto Raptors at Philadelphia 76ers,108 - 98,Toronto Raptors,Philadelphia 76ers,108,98,0
Miami Heat at Orlando Magic,120 - 92,Miami Heat,Orlando Magic,120,92,0
Indiana Pacers at New York Knicks,103 - 96,Indiana Pacers,New York Knicks,103,96,0
Washington Wizards at Cleveland Cavaliers,98 - 91,Washington Wizards,Cleveland Cavaliers,98,91,0
Brooklyn Nets at Charlotte Bobcats,91 - 95,Brooklyn Nets,Charlotte Bobcats,91,95,1
Chicago Bulls at Denver Nuggets,87 - 97,Chicago Bulls,Denver Nuggets,87,97,1
Los Angeles Clippers at Oklahoma City Thunder,91 - 105,Los Angeles Clippers,Oklahoma City Thunder,91,105,1
Golden State Warriors at Los Angeles Lakers,95 - 102,Golden State Warriors,Los Angeles Lakers,95,102,1
Chicago Bulls at Portland Trail Blazers,95 - 98,Chicago Bulls,Portland Trail Blazers,95,98,1
Utah Jazz at Dallas Mavericks,93 - 103,Utah Jazz,Dallas Mavericks,93,103,1
Cleveland Cavaliers at New Orleans Pelicans,100 - 104,Cleveland Cavaliers,New Orleans Pelicans,100,104,1
Brooklyn Nets at Minnesota Timberwolves,81 - 111,Brooklyn Nets,Minnesota Timberwolves,81,111,1
San Antonio Spurs at Memphis Grizzlies,102 - 86,San Antonio Spurs,Memphis Grizzlies,102,86,0
Atlanta Hawks at Detroit Pistons,96 - 89,Atlanta Hawks,Detroit Pistons,96,89,0
Indiana Pacers at Boston Celtics,97 - 82,Indiana Pacers,Boston Celtics,97,82,0
Washington Wizards at Toronto Raptors,88 - 96,Washington Wizards,Toronto Raptors,88,96,1
Milwaukee Bucks at Philadelphia 76ers,107 - 115,Milwaukee Bucks,Philadelphia 76ers,107,115,1
Phoenix Suns at Charlotte Bobcats,98 - 91,Phoenix Suns,Charlotte Bobcats,98,91,0
Charlotte Bobcats at Milwaukee Bucks,96 - 72,Charlotte Bobcats,Milwaukee Bucks,96,72,0
Cleveland Cavaliers at San Antonio Spurs,96 - 126,Cleveland Cavaliers,San Antonio Spurs,96,126,1
Dallas Mavericks at Denver Nuggets,100 - 102,Dallas Mavericks,Denver Nuggets,100,102,1
Portland Trail Blazers at Golden State Warriors,113 - 101,Portland Trail Blazers,Golden State Warriors,113,101,0
Minnesota Timberwolves at Houston Rockets,101 - 112,Minnesota Timberwolves,Houston Rockets,101,112,1
Orlando Magic at Miami Heat,99 - 101,Orlando Magic,Miami Heat,99,101,1
Boston Celtics at Atlanta Hawks,94 - 87,Boston Celtics,Atlanta Hawks,94,87,0
New York Knicks at Washington Wizards,89 - 98,New York Knicks,Washington Wizards,89,98,1
Philadelphia 76ers at Indiana Pacers,98 - 106,Philadelphia 76ers,Indiana Pacers,98,106,1
Sacramento Kings at Los Angeles Clippers,102 - 103,Sacramento Kings,Los Angeles Clippers,102,103,1
Sacramento Kings at Los Angeles Lakers,86 - 100,Sacramento Kings,Los Angeles Lakers,86,100,1
Utah Jazz at Oklahoma City Thunder,73 - 95,Utah Jazz,Oklahoma City Thunder,73,95,1
Phoenix Suns at Orlando Magic,104 - 96,Phoenix Suns,Orlando Magic,104,96,0
Chicago Bulls at Los Angeles Clippers,82 - 121,Chicago Bulls,Los Angeles Clippers,82,121,1
Detroit Pistons at Brooklyn Nets,109 - 97,Detroit Pistons,Brooklyn Nets,109,97,0
New York Knicks at Portland Trail Blazers,91 - 102,New York Knicks,Portland Trail Blazers,91,102,1
Chicago Bulls at Utah Jazz,83 - 89,Chicago Bulls,Utah Jazz,83,89,1
New Orleans Pelicans at San Antonio Spurs,93 - 112,New Orleans Pelicans,San Antonio Spurs,93,112,1
Denver Nuggets at Dallas Mavericks,110 - 96,Denver Nuggets,Dallas Mavericks,110,96,0
Houston Rockets at Memphis Grizzlies,93 - 86,Houston Rockets,Memphis Grizzlies,93,86,0
Phoenix Suns at Miami Heat,92 - 107,Phoenix Suns,Miami Heat,92,107,1
Milwaukee Bucks at Detroit Pistons,94 - 113,Milwaukee Bucks,Detroit Pistons,94,113,1
Minnesota Timberwolves at Indiana Pacers,84 - 98,Minnesota Timberwolves,Indiana Pacers,84,98,1
Boston Celtics at Charlotte Bobcats,96 - 86,Boston Celtics,Charlotte Bobcats,96,86,0
Golden State Warriors at New Orleans Pelicans,102 - 101,Golden State Warriors,New Orleans Pelicans,102,101,0
Orlando Magic at Atlanta Hawks,109 - 92,Orlando Magic,Atlanta Hawks,109,92,0
Los Angeles Lakers at Washington Wizards,111 - 116,Los Angeles Lakers,Washington Wizards,111,116,1
Brooklyn Nets at Toronto Raptors,102 - 100,Brooklyn Nets,Toronto Raptors,102,100,0
New York Knicks at Los Angeles Clippers,80 - 93,New York Knicks,Los Angeles Clippers,80,93,1
Portland Trail Blazers at Phoenix Suns,106 - 120,Portland Trail Blazers,Phoenix Suns,106,120,1
Golden State Warriors at Dallas Mavericks,99 - 103,Golden State Warriors,Dallas Mavericks,99,103,1
San Antonio Spurs at Oklahoma City Thunder,88 - 94,San Antonio Spurs,Oklahoma City Thunder,88,94,1
Denver Nuggets at Minnesota Timberwolves,117 - 110,Denver Nuggets,Minnesota Timberwolves,117,110,0
Washington Wizards at Milwaukee Bucks,100 - 92,Washington Wizards,Milwaukee Bucks,100,92,0
Atlanta Hawks at Houston Rockets,84 - 113,Atlanta Hawks,Houston Rockets,84,113,1
Chicago Bulls at Detroit Pistons,99 - 79,Chicago Bulls,Detroit Pistons,99,79,0
Miami Heat at Cleveland Cavaliers,95 - 84,Miami Heat,Cleveland Cavaliers,95,84,0
Los Angeles Lakers at Brooklyn Nets,99 - 94,Los Angeles Lakers,Brooklyn Nets,99,94,0
Memphis Grizzlies at Boston Celtics,100 - 93,Memphis Grizzlies,Boston Celtics,100,93,0
Philadelphia 76ers at Orlando Magic,94 - 105,Philadelphia 76ers,Orlando Magic,94,105,1
Indiana Pacers at Charlotte Bobcats,99 - 74,Indiana Pacers,Charlotte Bobcats,99,74,0
Washington Wizards at Indiana Pacers,73 - 93,Washington Wizards,Indiana Pacers,73,93,1
New Orleans Pelicans at Philadelphia 76ers,121 - 105,New Orleans Pelicans,Philadelphia 76ers,121,105,0
New York Knicks at Denver Nuggets,95 - 97,New York Knicks,Denver Nuggets,95,97,1
Phoenix Suns at Utah Jazz,112 - 101,Phoenix Suns,Utah Jazz,112,101,0
Los Angeles Clippers at Sacramento Kings,104 - 98,Los Angeles Clippers,Sacramento Kings,104,98,0
Golden State Warriors at Oklahoma City Thunder,112 - 113,Golden State Warriors,Oklahoma City Thunder,112,113,1
Brooklyn Nets at Houston Rockets,95 - 114,Brooklyn Nets,Houston Rockets,95,114,1
Los Angeles Lakers at Detroit Pistons,106 - 102,Los Angeles Lakers,Detroit Pistons,106,102,0
Cleveland Cavaliers at Boston Celtics,86 - 103,Cleveland Cavaliers,Boston Celtics,86,103,1
Dallas Mavericks at Atlanta Hawks,87 - 88,Dallas Mavericks,Atlanta Hawks,87,88,1
Miami Heat at Toronto Raptors,90 - 83,Miami Heat,Toronto Raptors,90,83,0
San Antonio Spurs at Orlando Magic,109 - 91,San Antonio Spurs,Orlando Magic,109,91,0
Milwaukee Bucks at Charlotte Bobcats,76 - 92,Milwaukee Bucks,Charlotte Bobcats,76,92,1
Utah Jazz at Phoenix Suns,112 - 104,Utah Jazz,Phoenix Suns,112,104,0
Houston Rockets at San Antonio Spurs,112 - 106,Houston Rockets,San Antonio Spurs,112,106,0
Minnesota Timberwolves at Dallas Mavericks,112 - 106,Minnesota Timberwolves,Dallas Mavericks,112,106,0
Brooklyn Nets at Memphis Grizzlies,97 - 88,Brooklyn Nets,Memphis Grizzlies,97,88,0
Chicago Bulls at Cleveland Cavaliers,93 - 97,Chicago Bulls,Cleveland Cavaliers,93,97,1
Atlanta Hawks at Washington Wizards,101 - 108,Atlanta Hawks,Washington Wizards,101,108,1
Boston Celtics at Milwaukee Bucks,85 - 92,Boston Celtics,Milwaukee Bucks,85,92,1
Denver Nuggets at Toronto Raptors,112 - 98,Denver Nuggets,Toronto Raptors,112,98,0
Portland Trail Blazers at Los Angeles Lakers,114 - 108,Portland Trail Blazers,Los Angeles Lakers,114,108,0
New Orleans Pelicans at New York Knicks,103 - 99,New Orleans Pelicans,New York Knicks,103,99,0
Minnesota Timberwolves at Oklahoma City Thunder,103 - 113,Minnesota Timberwolves,Oklahoma City Thunder,103,113,1
Charlotte Bobcats at Miami Heat,98 - 99,Charlotte Bobcats,Miami Heat,98,99,1
Golden State Warriors at Sacramento Kings,115 - 113,Golden State Warriors,Sacramento Kings,115,113,0
Philadelphia 76ers at Detroit Pistons,100 - 115,Philadelphia 76ers,Detroit Pistons,100,115,1
Indiana Pacers at Los Angeles Clippers,105 - 100,Indiana Pacers,Los Angeles Clippers,105,100,0
Indiana Pacers at Portland Trail Blazers,102 - 106,Indiana Pacers,Portland Trail Blazers,102,106,1
Houston Rockets at Utah Jazz,103 - 109,Houston Rockets,Utah Jazz,103,109,1
Atlanta Hawks at San Antonio Spurs,100 - 102,Atlanta Hawks,San Antonio Spurs,100,102,1
New Orleans Pelicans at Chicago Bulls,131 - 128,New Orleans Pelicans,Chicago Bulls,131,128,0
Orlando Magic at Washington Wizards,80 - 98,Orlando Magic,Washington Wizards,80,98,1
Toronto Raptors at Golden State Warriors,103 - 112,Toronto Raptors,Golden State Warriors,103,112,1
Oklahoma City Thunder at Sacramento Kings,97 - 95,Oklahoma City Thunder,Sacramento Kings,97,95,0
Charlotte Bobcats at Dallas Mavericks,82 - 89,Charlotte Bobcats,Dallas Mavericks,82,89,1
Phoenix Suns at Memphis Grizzlies,91 - 110,Phoenix Suns,Memphis Grizzlies,91,110,1
Detroit Pistons at Miami Heat,107 - 97,Detroit Pistons,Miami Heat,107,97,0
Denver Nuggets at Brooklyn Nets,111 - 87,Denver Nuggets,Brooklyn Nets,111,87,0
Milwaukee Bucks at Boston Celtics,100 - 108,Milwaukee Bucks,Boston Celtics,100,108,1
Orlando Magic at Philadelphia 76ers,125 - 126,Orlando Magic,Philadelphia 76ers,125,126,1
Oklahoma City Thunder at Portland Trail Blazers,104 - 111,Oklahoma City Thunder,Portland Trail Blazers,104,111,1
Indiana Pacers at Utah Jazz,95 - 86,Indiana Pacers,Utah Jazz,95,86,0
Dallas Mavericks at New Orleans Pelicans,100 - 97,Dallas Mavericks,New Orleans Pelicans,100,97,0
Detroit Pistons at Milwaukee Bucks,105 - 98,Detroit Pistons,Milwaukee Bucks,105,98,0
Phoenix Suns at Houston Rockets,97 - 88,Phoenix Suns,Houston Rockets,97,88,0
Los Angeles Clippers at Atlanta Hawks,97 - 107,Los Angeles Clippers,Atlanta Hawks,97,107,1
Denver Nuggets at Cleveland Cavaliers,88 - 98,Denver Nuggets,Cleveland Cavaliers,88,98,1
Miami Heat at Chicago Bulls,87 - 107,Miami Heat,Chicago Bulls,87,107,1
Los Angeles Clippers at Memphis Grizzlies,101 - 81,Los Angeles Clippers,Memphis Grizzlies,101,81,0
New York Knicks at Brooklyn Nets,113 - 83,New York Knicks,Brooklyn Nets,113,83,0
Los Angeles Lakers at Sacramento Kings,106 - 100,Los Angeles Lakers,Sacramento Kings,106,100,0
Utah Jazz at Portland Trail Blazers,98 - 130,Utah Jazz,Portland Trail Blazers,98,130,1
Toronto Raptors at Phoenix Suns,97 - 106,Toronto Raptors,Phoenix Suns,97,106,1
Oklahoma City Thunder at New Orleans Pelicans,109 - 95,Oklahoma City Thunder,New Orleans Pelicans,109,95,0
Golden State Warriors at Houston Rockets,83 - 105,Golden State Warriors,Houston Rockets,83,105,1
Orlando Magic at New York Knicks,83 - 121,Orlando Magic,New York Knicks,83,121,1
Denver Nuggets at Boston Celtics,98 - 106,Denver Nuggets,Boston Celtics,98,106,1
Cleveland Cavaliers at Atlanta Hawks,89 - 108,Cleveland Cavaliers,Atlanta Hawks,89,108,1
Milwaukee Bucks at Washington Wizards,109 - 105,Milwaukee Bucks,Washington Wizards,109,105,0
Philadelphia 76ers at Charlotte Bobcats,88 - 105,Philadelphia 76ers,Charlotte Bobcats,88,105,1
Dallas Mavericks at Portland Trail Blazers,108 - 106,Dallas Mavericks,Portland Trail Blazers,108,106,0
Sacramento Kings at Utah Jazz,112 - 102,Sacramento Kings,Utah Jazz,112,102,0
Indiana Pacers at San Antonio Spurs,111 - 100,Indiana Pacers,San Antonio Spurs,111,100,0
Brooklyn Nets at Milwaukee Bucks,90 - 82,Brooklyn Nets,Milwaukee Bucks,90,82,0
Miami Heat at Minnesota Timberwolves,103 - 82,Miami Heat,Minnesota Timberwolves,103,82,0
Golden State Warriors at Memphis Grizzlies,108 - 82,Golden State Warriors,Memphis Grizzlies,108,82,0
Detroit Pistons at Chicago Bulls,92 - 75,Detroit Pistons,Chicago Bulls,92,75,0
Los Angeles Clippers at Cleveland Cavaliers,82 - 88,Los Angeles Clippers,Cleveland Cavaliers,82,88,1
Denver Nuggets at Philadelphia 76ers,103 - 92,Denver Nuggets,Philadelphia 76ers,103,92,0
Toronto Raptors at Los Angeles Lakers,106 - 94,Toronto Raptors,Los Angeles Lakers,106,94,0
Indiana Pacers at Oklahoma City Thunder,94 - 118,Indiana Pacers,Oklahoma City Thunder,94,118,1
Orlando Magic at Houston Rockets,88 - 98,Orlando Magic,Houston Rockets,88,98,1
Miami Heat at Detroit Pistons,110 - 95,Miami Heat,Detroit Pistons,110,95,0
Boston Celtics at New York Knicks,114 - 73,Boston Celtics,New York Knicks,114,73,0
Dallas Mavericks at Sacramento Kings,97 - 112,Dallas Mavericks,Sacramento Kings,97,112,1
Portland Trail Blazers at Utah Jazz,105 - 94,Portland Trail Blazers,Utah Jazz,105,94,0
Orlando Magic at Memphis Grizzlies,85 - 94,Orlando Magic,Memphis Grizzlies,85,94,1
Denver Nuggets at Washington Wizards,75 - 74,Denver Nuggets,Washington Wizards,75,74,0
Los Angeles Clippers at Philadelphia 76ers,94 - 83,Los Angeles Clippers,Philadelphia 76ers,94,83,0
Golden State Warriors at Charlotte Bobcats,111 - 115,Golden State Warriors,Charlotte Bobcats,111,115,1
Phoenix Suns at Los Angeles Lakers,114 - 108,Phoenix Suns,Los Angeles Lakers,114,108,0
Milwaukee Bucks at Chicago Bulls,78 - 74,Milwaukee Bucks,Chicago Bulls,78,74,0
Minnesota Timberwolves at Detroit Pistons,121 - 94,Minnesota Timberwolves,Detroit Pistons,121,94,0
Boston Celtics at Brooklyn Nets,96 - 104,Boston Celtics,Brooklyn Nets,96,104,1
Oklahoma City Thunder at Atlanta Hawks,101 - 92,Oklahoma City Thunder,Atlanta Hawks,101,92,0
San Antonio Spurs at Toronto Raptors,116 - 103,San Antonio Spurs,Toronto Raptors,116,103,0
Miami Heat at Indiana Pacers,84 - 90,Miami Heat,Indiana Pacers,84,90,1
New York Knicks at Cleveland Cavaliers,94 - 109,New York Knicks,Cleveland Cavaliers,94,109,1
Dallas Mavericks at Golden State Warriors,93 - 95,Dallas Mavericks,Golden State Warriors,93,95,1
Utah Jazz at Sacramento Kings,122 - 101,Utah Jazz,Sacramento Kings,122,101,0
Chicago Bulls at New York Knicks,78 - 83,Chicago Bulls,New York Knicks,78,83,1
Detroit Pistons at New Orleans Pelicans,106 - 111,Detroit Pistons,New Orleans Pelicans,106,111,1
Philadelphia 76ers at Minnesota Timberwolves,99 - 106,Philadelphia 76ers,Minnesota Timberwolves,99,106,1
San Antonio Spurs at Milwaukee Bucks,109 - 77,San Antonio Spurs,Milwaukee Bucks,109,77,0
Oklahoma City Thunder at Memphis Grizzlies,116 - 100,Oklahoma City Thunder,Memphis Grizzlies,116,100,0
Los Angeles Clippers at Boston Celtics,96 - 88,Los Angeles Clippers,Boston Celtics,96,88,0
Orlando Magic at Charlotte Bobcats,92 - 83,Orlando Magic,Charlotte Bobcats,92,83,0
Los Angeles Clippers at Brooklyn Nets,93 - 102,Los Angeles Clippers,Brooklyn Nets,93,102,1
Houston Rockets at Portland Trail Blazers,104 - 111,Houston Rockets,Portland Trail Blazers,104,111,1
Chicago Bulls at Milwaukee Bucks,91 - 90,Chicago Bulls,Milwaukee Bucks,91,90,0
Minnesota Timberwolves at San Antonio Spurs,110 - 117,Minnesota Timberwolves,San Antonio Spurs,110,117,1
Utah Jazz at Denver Nuggets,103 - 93,Utah Jazz,Denver Nuggets,103,93,0
Sacramento Kings at Phoenix Suns,107 - 116,Sacramento Kings,Phoenix Suns,107,116,1
Houston Rockets at Golden State Warriors,116 - 112,Houston Rockets,Golden State Warriors,116,112,0
Los Angeles Lakers at Oklahoma City Thunder,97 - 122,Los Angeles Lakers,Oklahoma City Thunder,97,122,1
Memphis Grizzlies at New Orleans Pelicans,98 - 104,Memphis Grizzlies,New Orleans Pelicans,98,104,1
Brooklyn Nets at Detroit Pistons,99 - 103,Brooklyn Nets,Detroit Pistons,99,103,1
Charlotte Bobcats at Indiana Pacers,94 - 99,Charlotte Bobcats,Indiana Pacers,94,99,1
Cleveland Cavaliers at Orlando Magic,109 - 100,Cleveland Cavaliers,Orlando Magic,109,100,0
Philadelphia 76ers at Toronto Raptors,100 - 108,Philadelphia 76ers,Toronto Raptors,100,108,1
Washington Wizards at Atlanta Hawks,99 - 101,Washington Wizards,Atlanta Hawks,99,101,1
New York Knicks at Boston Celtics,86 - 90,New York Knicks,Boston Celtics,86,90,1
San Antonio Spurs at Utah Jazz,100 - 84,San Antonio Spurs,Utah Jazz,100,84,0
Milwaukee Bucks at Dallas Mavericks,93 - 106,Milwaukee Bucks,Dallas Mavericks,93,106,1
Portland Trail Blazers at Philadelphia 76ers,139 - 105,Portland Trail Blazers,Philadelphia 76ers,139,105,0
Toronto Raptors at Chicago Bulls,99 - 77,Toronto Raptors,Chicago Bulls,99,77,0
Atlanta Hawks at New York Knicks,106 - 111,Atlanta Hawks,New York Knicks,106,111,1
Cleveland Cavaliers at Miami Heat,107 - 114,Cleveland Cavaliers,Miami Heat,107,114,1
Los Angeles Clippers at Washington Wizards,113 - 97,Los Angeles Clippers,Washington Wizards,113,97,0
Los Angeles Lakers at Charlotte Bobcats,88 - 85,Los Angeles Lakers,Charlotte Bobcats,88,85,0
Golden State Warriors at Phoenix Suns,102 - 106,Golden State Warriors,Phoenix Suns,102,106,1
New Orleans Pelicans at Denver Nuggets,93 - 102,New Orleans Pelicans,Denver Nuggets,93,102,1
Orlando Magic at Oklahoma City Thunder,98 - 101,Orlando Magic,Oklahoma City Thunder,98,101,1
Portland Trail Blazers at Detroit Pistons,111 - 109,Portland Trail Blazers,Detroit Pistons,111,109,0
Minnesota Timberwolves at Memphis Grizzlies,101 - 93,Minnesota Timberwolves,Memphis Grizzlies,101,93,0
Houston Rockets at Sacramento Kings,91 - 106,Houston Rockets,Sacramento Kings,91,106,1
San Antonio Spurs at Los Angeles Clippers,92 - 115,San Antonio Spurs,Los Angeles Clippers,92,115,1
Orlando Magic at Chicago Bulls,83 - 82,Orlando Magic,Chicago Bulls,83,82,0
Washington Wizards at New York Knicks,102 - 101,Washington Wizards,New York Knicks,102,101,0
Utah Jazz at Miami Heat,94 - 117,Utah Jazz,Miami Heat,94,117,1
Philadelphia 76ers at Brooklyn Nets,94 - 130,Philadelphia 76ers,Brooklyn Nets,94,130,1
Minnesota Timberwolves at Boston Celtics,97 - 101,Minnesota Timberwolves,Boston Celtics,97,101,1
Los Angeles Lakers at Atlanta Hawks,100 - 114,Los Angeles Lakers,Atlanta Hawks,100,114,1
Detroit Pistons at Indiana Pacers,101 - 96,Detroit Pistons,Indiana Pacers,101,96,0
New Orleans Pelicans at Golden State Warriors,93 - 104,New Orleans Pelicans,Golden State Warriors,93,104,1
Oklahoma City Thunder at Denver Nuggets,105 - 93,Oklahoma City Thunder,Denver Nuggets,105,93,0
Los Angeles Lakers at Memphis Grizzlies,96 - 92,Los Angeles Lakers,Memphis Grizzlies,96,92,0
Portland Trail Blazers at Cleveland Cavaliers,119 - 116,Portland Trail Blazers,Cleveland Cavaliers,119,116,0
Sacramento Kings at Charlotte Bobcats,87 - 95,Sacramento Kings,Charlotte Bobcats,87,95,1
New Orleans Pelicans at Los Angeles Clippers,95 - 108,New Orleans Pelicans,Los Angeles Clippers,95,108,1
Chicago Bulls at Houston Rockets,94 - 109,Chicago Bulls,Houston Rockets,94,109,1
San Antonio Spurs at Phoenix Suns,108 - 101,San Antonio Spurs,Phoenix Suns,108,101,0
Memphis Grizzlies at Dallas Mavericks,91 - 105,Memphis Grizzlies,Dallas Mavericks,91,105,1
Portland Trail Blazers at Minnesota Timberwolves,109 - 120,Portland Trail Blazers,Minnesota Timberwolves,109,120,1
New York Knicks at Milwaukee Bucks,107 - 101,New York Knicks,Milwaukee Bucks,107,101,0
Washington Wizards at Brooklyn Nets,113 - 107,Washington Wizards,Brooklyn Nets,113,107,0
Detroit Pistons at Boston Celtics,107 - 106,Detroit Pistons,Boston Celtics,107,106,0
Sacramento Kings at Atlanta Hawks,107 - 124,Sacramento Kings,Atlanta Hawks,107,124,1
Charlotte Bobcats at Toronto Raptors,104 - 102,Charlotte Bobcats,Toronto Raptors,104,102,0
Utah Jazz at Orlando Magic,86 - 82,Utah Jazz,Orlando Magic,86,82,0
Indiana Pacers at Miami Heat,94 - 97,Indiana Pacers,Miami Heat,94,97,1
San Antonio Spurs at Golden State Warriors,104 - 102,San Antonio Spurs,Golden State Warriors,104,102,0
Chicago Bulls at Oklahoma City Thunder,95 - 107,Chicago Bulls,Oklahoma City Thunder,95,107,1
Minnesota Timberwolves at Los Angeles Lakers,91 - 104,Minnesota Timberwolves,Los Angeles Lakers,91,104,1
Phoenix Suns at Denver Nuggets,103 - 99,Phoenix Suns,Denver Nuggets,103,99,0
Toronto Raptors at Dallas Mavericks,109 - 108,Toronto Raptors,Dallas Mavericks,109,108,0
Houston Rockets at Indiana Pacers,81 - 114,Houston Rockets,Indiana Pacers,81,114,1
Sacramento Kings at Miami Heat,103 - 122,Sacramento Kings,Miami Heat,103,122,1
Charlotte Bobcats at Detroit Pistons,116 - 106,Charlotte Bobcats,Detroit Pistons,116,106,0
Milwaukee Bucks at Cleveland Cavaliers,111 - 114,Milwaukee Bucks,Cleveland Cavaliers,111,114,1
Utah Jazz at Atlanta Hawks,85 - 118,Utah Jazz,Atlanta Hawks,85,118,1
Brooklyn Nets at Philadelphia 76ers,120 - 121,Brooklyn Nets,Philadelphia 76ers,120,121,1
Oklahoma City Thunder at San Antonio Spurs,113 - 100,Oklahoma City Thunder,San Antonio Spurs,113,100,0
Dallas Mavericks at Phoenix Suns,108 - 123,Dallas Mavericks,Phoenix Suns,108,123,1
New Orleans Pelicans at Portland Trail Blazers,107 - 110,New Orleans Pelicans,Portland Trail Blazers,107,110,1
Los Angeles Lakers at Golden State Warriors,83 - 102,Los Angeles Lakers,Golden State Warriors,83,102,1
Denver Nuggets at Los Angeles Clippers,91 - 112,Denver Nuggets,Los Angeles Clippers,91,112,1
Philadelphia 76ers at Milwaukee Bucks,106 - 116,Philadelphia 76ers,Milwaukee Bucks,106,116,1
Cleveland Cavaliers at Chicago Bulls,84 - 100,Cleveland Cavaliers,Chicago Bulls,84,100,1
Houston Rockets at Detroit Pistons,114 - 97,Houston Rockets,Detroit Pistons,114,97,0
Utah Jazz at Charlotte Bobcats,88 - 85,Utah Jazz,Charlotte Bobcats,88,85,0
Sacramento Kings at Orlando Magic,105 - 100,Sacramento Kings,Orlando Magic,105,100,0
Washington Wizards at Boston Celtics,106 - 99,Washington Wizards,Boston Celtics,106,99,0
Memphis Grizzlies at New York Knicks,95 - 87,Memphis Grizzlies,New York Knicks,95,87,0
Minnesota Timberwolves at Los Angeles Clippers,116 - 120,Minnesota Timberwolves,Los Angeles Clippers,116,120,1
Toronto Raptors at Oklahoma City Thunder,104 - 98,Toronto Raptors,Oklahoma City Thunder,104,98,0
Boston Celtics at Indiana Pacers,79 - 106,Boston Celtics,Indiana Pacers,79,106,1
New Orleans Pelicans at Sacramento Kings,113 - 100,New Orleans Pelicans,Sacramento Kings,113,100,0
Los Angeles Lakers at Phoenix Suns,90 - 117,Los Angeles Lakers,Phoenix Suns,90,117,1
Golden State Warriors at Denver Nuggets,89 - 81,Golden State Warriors,Denver Nuggets,89,81,0
Toronto Raptors at San Antonio Spurs,99 - 112,Toronto Raptors,San Antonio Spurs,99,112,1
Utah Jazz at Memphis Grizzlies,94 - 104,Utah Jazz,Memphis Grizzlies,94,104,1
Dallas Mavericks at Houston Rockets,111 - 104,Dallas Mavericks,Houston Rockets,111,104,0
Atlanta Hawks at Miami Heat,119 - 121,Atlanta Hawks,Miami Heat,119,121,1
Indiana Pacers at Brooklyn Nets,103 - 86,Indiana Pacers,Brooklyn Nets,103,86,0
New York Knicks at Orlando Magic,103 - 98,New York Knicks,Orlando Magic,103,98,0
Detroit Pistons at Cleveland Cavaliers,115 - 92,Detroit Pistons,Cleveland Cavaliers,115,92,0
Milwaukee Bucks at Charlotte Bobcats,110 - 111,Milwaukee Bucks,Charlotte Bobcats,110,111,1
Los Angeles Clippers at Golden State Warriors,103 - 105,Los Angeles Clippers,Golden State Warriors,103,105,1
Houston Rockets at San Antonio Spurs,111 - 98,Houston Rockets,San Antonio Spurs,111,98,0
Miami Heat at Los Angeles Lakers,101 - 95,Miami Heat,Los Angeles Lakers,101,95,0
Oklahoma City Thunder at New York Knicks,123 - 94,Oklahoma City Thunder,New York Knicks,123,94,0
Chicago Bulls at Brooklyn Nets,95 - 78,Chicago Bulls,Brooklyn Nets,95,78,0
Los Angeles Clippers at Portland Trail Blazers,112 - 116,Los Angeles Clippers,Portland Trail Blazers,112,116,1
San Antonio Spurs at Dallas Mavericks,116 - 107,San Antonio Spurs,Dallas Mavericks,116,107,0
Memphis Grizzlies at Houston Rockets,92 - 100,Memphis Grizzlies,Houston Rockets,92,100,1
Atlanta Hawks at Cleveland Cavaliers,127 - 125,Atlanta Hawks,Cleveland Cavaliers,127,125,0
Phoenix Suns at Golden State Warriors,86 - 115,Phoenix Suns,Golden State Warriors,86,115,1
Miami Heat at Sacramento Kings,103 - 108,Miami Heat,Sacramento Kings,103,108,1
Los Angeles Lakers at Utah Jazz,103 - 105,Los Angeles Lakers,Utah Jazz,103,105,1
Denver Nuggets at New Orleans Pelicans,89 - 105,Denver Nuggets,New Orleans Pelicans,89,105,1
Washington Wizards at Minnesota Timberwolves,98 - 120,Washington Wizards,Minnesota Timberwolves,98,120,1
Toronto Raptors at New York Knicks,95 - 83,Toronto Raptors,New York Knicks,95,83,0
Milwaukee Bucks at Brooklyn Nets,93 - 104,Milwaukee Bucks,Brooklyn Nets,93,104,1
Detroit Pistons at Orlando Magic,92 - 109,Detroit Pistons,Orlando Magic,92,109,1
Oklahoma City Thunder at Charlotte Bobcats,89 - 85,Oklahoma City Thunder,Charlotte Bobcats,89,85,0
Denver Nuggets at Memphis Grizzlies,99 - 120,Denver Nuggets,Memphis Grizzlies,99,120,1
Minnesota Timberwolves at Milwaukee Bucks,117 - 95,Minnesota Timberwolves,Milwaukee Bucks,117,95,0
Philadelphia 76ers at Phoenix Suns,101 - 115,Philadelphia 76ers,Phoenix Suns,101,115,1
Miami Heat at Portland Trail Blazers,108 - 107,Miami Heat,Portland Trail Blazers,108,107,0
Utah Jazz at Los Angeles Clippers,90 - 98,Utah Jazz,Los Angeles Clippers,90,98,1
New Orleans Pelicans at Houston Rockets,98 - 107,New Orleans Pelicans,Houston Rockets,98,107,1
Dallas Mavericks at Chicago Bulls,105 - 83,Dallas Mavericks,Chicago Bulls,105,83,0
Charlotte Bobcats at Atlanta Hawks,116 - 118,Charlotte Bobcats,Atlanta Hawks,116,118,1
Detroit Pistons at Washington Wizards,82 - 106,Detroit Pistons,Washington Wizards,82,106,1
New York Knicks at Toronto Raptors,100 - 115,New York Knicks,Toronto Raptors,100,115,1
Brooklyn Nets at Indiana Pacers,91 - 105,Brooklyn Nets,Indiana Pacers,91,105,1
Cleveland Cavaliers at Boston Celtics,100 - 103,Cleveland Cavaliers,Boston Celtics,100,103,1
Philadelphia 76ers at Los Angeles Lakers,111 - 104,Philadelphia 76ers,Los Angeles Lakers,111,104,0
Sacramento Kings at San Antonio Spurs,104 - 112,Sacramento Kings,San Antonio Spurs,104,112,1
Houston Rockets at Oklahoma City Thunder,86 - 117,Houston Rockets,Oklahoma City Thunder,86,117,1
Atlanta Hawks at Orlando Magic,102 - 109,Atlanta Hawks,Orlando Magic,102,109,1
Golden State Warriors at Cleveland Cavaliers,108 - 104,Golden State Warriors,Cleveland Cavaliers,108,104,0
Phoenix Suns at Los Angeles Clippers,107 - 88,Phoenix Suns,Los Angeles Clippers,107,88,0
Charlotte Bobcats at Utah Jazz,80 - 83,Charlotte Bobcats,Utah Jazz,80,83,1
Miami Heat at Denver Nuggets,97 - 94,Miami Heat,Denver Nuggets,97,94,0
Portland Trail Blazers at New Orleans Pelicans,108 - 110,Portland Trail Blazers,New Orleans Pelicans,108,110,1
Dallas Mavericks at Minnesota Timberwolves,100 - 98,Dallas Mavericks,Minnesota Timberwolves,100,98,0
Chicago Bulls at Memphis Grizzlies,95 - 91,Chicago Bulls,Memphis Grizzlies,95,91,0
Washington Wizards at Detroit Pistons,106 - 99,Washington Wizards,Detroit Pistons,106,99,0
Portland Trail Blazers at Oklahoma City Thunder,98 - 94,Portland Trail Blazers,Oklahoma City Thunder,98,94,0
Toronto Raptors at Chicago Bulls,85 - 79,Toronto Raptors,Chicago Bulls,85,79,0
Brooklyn Nets at San Antonio Spurs,92 - 113,Brooklyn Nets,San Antonio Spurs,92,113,1
Sacramento Kings at Houston Rockets,110 - 106,Sacramento Kings,Houston Rockets,110,106,0
Golden State Warriors at Orlando Magic,94 - 81,Golden State Warriors,Orlando Magic,94,81,0
Cleveland Cavaliers at Indiana Pacers,76 - 91,Cleveland Cavaliers,Indiana Pacers,76,91,1
Atlanta Hawks at Boston Celtics,92 - 91,Atlanta Hawks,Boston Celtics,92,91,0
Milwaukee Bucks at Los Angeles Lakers,94 - 79,Milwaukee Bucks,Los Angeles Lakers,94,79,0
